Car_SK,Model_SK,Company_SK,Engine_SK,FuelType_SK,Price_USD,Horsepower,Torque_NM,Top_Speed_KPH,Acceleration_Sec,Seats
1,1,1,1,1,33.666666666666664,963.0,800.0,340.0,2.5,2.0
2,2,2,2,2,230.0,563.0,900.0,250.0,5.3,5.0
3,3,3,3,2,6.75,77.5,120.0,165.0,10.5,5.0
4,4,4,4,2,80.5,630.0,900.0,250.0,3.2,4.0
5,5,5,5,2,271.5,602.0,560.0,320.0,3.6,2.0
6,6,6,6,2,249.5,710.0,770.0,341.0,2.9,2.0
7,7,7,4,2,316.5,656.0,685.0,314.0,3.6,2.0
8,8,8,7,2,155.5,550.0,900.0,318.0,4.0,4.0
9,9,9,8,2,168.0,750.0,690.0,356.0,2.9,2.0
10,10,1,9,2,140.0,710.0,770.0,340.0,2.9,2.0
11,11,1,10,2,175.0,789.0,718.0,340.0,2.9,2.0
12,12,1,9,2,105.0,592.0,760.0,320.0,3.2,2.0
13,13,1,9,2,115.0,612.0,760.0,320.0,3.4,2.0
14,14,1,11,2,233.66666666666666,789.0,719.0,340.0,2.9,2.0
15,15,1,9,2,140.0,710.0,770.0,340.0,2.9,2.0
16,16,1,9,2,110.0,612.0,760.0,320.0,3.2,2.0
17,17,1,9,2,120.0,612.0,760.0,320.0,3.4,2.0
18,18,10,12,2,476.5,382.0,500.0,250.0,4.1,2.0
19,19,10,13,2,13.5,205.0,205.0,226.0,6.4,2.0
20,20,10,14,2,15.0,228.0,250.0,226.0,5.6,4.0
21,21,10,15,3,42.5,381.0,500.0,220.0,6.7,7.0
22,22,10,15,2,25.0,381.0,651.0,200.0,6.9,7.0
23,23,11,16,2,56.5,600.0,637.0,315.0,2.9,4.0
24,24,11,17,2,15.0,332.0,366.0,250.0,4.7,2.0
25,25,11,18,2,20.0,400.0,475.0,290.0,4.1,2.0
26,26,11,19,2,12.5,188.0,380.0,225.0,7.3,5.0
27,27,11,20,2,17.5,300.0,354.0,240.0,5.8,5.0
28,28,11,21,2,10.0,149.0,240.0,200.0,8.2,5.0
29,29,11,19,2,14.0,201.0,270.0,200.0,7.5,5.0
30,30,11,20,2,17.5,284.0,351.0,225.0,6.5,7.0
31,31,11,16,2,15.0,310.0,381.0,180.0,6.8,5.0
32,32,11,22,2,20.0,400.0,560.0,200.0,5.9,5.0
33,33,7,11,4,67.66666666666667,1160.0,900.0,402.0,2.5,2.0
34,34,7,7,4,33.666666666666664,1000.0,1000.0,362.0,2.5,2.0
35,35,7,23,2,158.0,715.0,900.0,340.0,3.4,2.0
36,36,7,23,2,104.0,600.0,700.0,322.0,3.9,4.0
37,37,7,7,2,71.0,503.0,685.0,313.0,3.6,2.0
38,38,7,7,2,94.5,542.0,700.0,291.0,4.5,5.0
39,39,7,24,2,120.0,580.0,630.0,328.0,4.2,4.0
40,40,7,24,2,147.0,580.0,630.0,324.0,3.6,2.0
41,41,7,24,2,33.666666666666664,540.0,630.0,314.0,4.2,4.0
42,42,7,23,2,100.33333333333333,836.0,821.0,320.0,2.8,2.0
43,43,9,8,4,267.3333333333333,819.0,720.0,350.0,2.8,2.0
44,44,9,8,2,259.0,759.0,720.0,350.0,2.8,2.0
45,45,9,5,2,137.0,640.0,600.0,325.0,2.9,2.0
46,46,9,5,2,130.5,640.0,600.0,325.0,2.9,2.0
47,47,9,8,2,246.5,740.0,690.0,350.0,2.8,2.0
48,48,9,7,2,105.5,641.0,850.0,305.0,3.6,5.0
49,49,9,5,2,143.5,610.0,600.0,325.0,3.4,2.0
50,50,9,8,2,222.5,700.0,690.0,350.0,3.0,2.0
51,51,9,5,2,154.0,640.0,600.0,325.0,3.1,2.0
52,52,9,8,2,210.5,740.0,690.0,350.0,2.9,2.0
53,53,9,5,2,143.5,640.0,600.0,325.0,3.1,2.0
54,54,9,7,2,121.0,641.0,850.0,305.0,3.3,5.0
55,55,9,8,2,272.5,769.0,720.0,355.0,2.8,2.0
56,56,9,5,2,129.0,610.0,560.0,325.0,3.3,2.0
57,57,9,8,2,286.5,759.0,720.0,350.0,2.9,2.0
58,58,9,7,2,131.5,671.0,850.0,305.0,3.3,5.0
59,59,9,5,2,163.5,640.0,565.0,325.0,3.0,2.0
60,60,9,8,2,272.5,769.0,720.0,355.0,2.8,2.0
61,61,9,5,2,136.5,610.0,600.0,325.0,3.3,2.0
62,62,9,8,2,301.5,759.0,720.0,350.0,2.9,2.0
63,63,9,25,2,126.5,641.0,850.0,305.0,3.3,5.0
64,64,9,5,2,171.0,640.0,565.0,325.0,3.0,2.0
65,65,9,8,2,286.5,769.0,720.0,355.0,2.8,2.0
66,66,2,26,2,166.0,591.0,850.0,250.0,4.8,5.0
67,67,2,26,2,165.0,624.0,870.0,250.0,4.4,4.0
68,68,2,26,2,180.0,624.0,870.0,250.0,4.9,4.0
69,69,2,27,2,162.5,563.0,850.0,250.0,5.2,5.0
70,70,2,27,2,250.0,563.0,900.0,250.0,5.3,5.0
71,71,2,26,2,185.0,591.0,850.0,250.0,4.8,5.0
72,72,2,26,2,180.0,624.0,870.0,250.0,4.3,4.0
73,73,2,26,2,195.0,624.0,870.0,250.0,4.8,4.0
74,74,2,27,2,175.0,563.0,850.0,250.0,5.1,5.0
75,75,2,27,2,225.0,563.0,870.0,250.0,5.3,4.0
76,76,2,26,2,170.0,591.0,850.0,250.0,4.8,4.0
77,77,2,26,2,165.0,624.0,870.0,250.0,4.4,4.0
78,78,2,26,2,190.0,624.0,870.0,250.0,4.9,4.0
79,79,2,27,2,160.0,563.0,850.0,250.0,5.2,5.0
80,80,4,4,2,58.0,496.0,700.0,250.0,4.4,5.0
81,81,4,4,2,52.0,603.0,850.0,250.0,3.4,5.0
82,82,4,28,2,26.5,382.0,500.0,250.0,4.1,5.0
83,83,4,4,2,56.5,603.0,850.0,250.0,4.2,5.0
84,84,4,29,2,54.5,429.0,700.0,250.0,4.9,5.0
85,85,4,29,2,31.0,362.0,500.0,250.0,5.2,5.0
86,86,4,29,2,35.0,362.0,500.0,250.0,5.2,5.0
87,87,4,29,2,49.5,429.0,700.0,250.0,4.5,5.0
88,88,4,29,2,31.5,362.0,500.0,250.0,5.5,5.0
89,89,4,30,2,26.5,416.0,500.0,250.0,3.9,5.0
90,90,4,29,2,26.0,402.0,520.0,250.0,4.7,5.0
91,91,4,30,2,24.5,255.0,500.0,250.0,5.7,5.0
92,92,4,30,2,26.5,255.0,500.0,250.0,6.1,5.0
93,93,4,29,2,27.0,402.0,520.0,250.0,4.7,5.0
94,94,4,30,2,24.0,382.0,500.0,250.0,4.3,5.0
95,95,4,30,2,23.0,255.0,500.0,250.0,6.1,5.0
96,96,4,29,2,35.5,429.0,620.0,250.0,5.2,5.0
97,97,4,30,2,45.0,255.0,500.0,250.0,6.5,5.0
98,99,4,31,2,100.0,630.0,1000.0,250.0,4.7,5.0
99,100,6,32,2,71.0,627.0,750.0,305.0,3.0,5.0
100,101,6,33,2,66.5,493.0,600.0,305.0,3.7,4.0
101,102,6,33,2,38.0,503.0,650.0,285.0,3.5,5.0
102,103,6,33,2,41.5,444.0,550.0,280.0,4.0,4.0
103,104,6,34,2,57.0,523.0,750.0,285.0,4.1,5.0
104,105,6,33,2,34.5,503.0,650.0,285.0,4.1,5.0
105,106,6,32,2,73.0,523.0,750.0,305.0,3.3,5.0
106,107,6,34,2,54.0,523.0,750.0,285.0,3.7,4.0
107,108,2,26,2,199.0,563.0,840.0,250.0,4.8,4.0
108,109,2,27,2,190.5,563.0,850.0,250.0,5.1,5.0
109,110,2,27,2,237.5,563.0,900.0,250.0,5.3,5.0
110,111,2,27,2,167.5,563.0,900.0,250.0,4.9,5.0
111,112,2,26,2,174.5,623.0,800.0,250.0,4.5,4.0
112,113,2,27,2,247.5,563.0,900.0,250.0,5.3,5.0
113,114,2,27,2,177.5,563.0,900.0,250.0,4.9,5.0
114,115,2,26,2,184.5,623.0,800.0,250.0,4.5,4.0
115,116,2,26,2,209.0,563.0,840.0,250.0,4.8,4.0
116,117,2,27,2,200.5,563.0,850.0,250.0,5.1,5.0
117,118,2,27,2,257.5,563.0,900.0,250.0,5.3,5.0
118,119,2,27,2,187.5,563.0,900.0,250.0,4.9,5.0
119,120,2,26,2,194.5,623.0,800.0,250.0,4.5,4.0
120,121,2,26,2,219.5,563.0,840.0,250.0,4.8,4.0
121,122,2,27,2,210.5,563.0,850.0,250.0,5.1,5.0
122,123,5,5,2,97.0,610.0,560.0,330.0,3.2,2.0
123,124,5,35,2,57.0,591.0,800.0,305.0,3.6,5.0
124,125,5,35,2,50.5,563.0,800.0,305.0,4.3,5.0
125,126,5,35,2,54.5,591.0,800.0,305.0,3.6,5.0
126,127,5,35,2,48.0,563.0,650.0,305.0,4.3,5.0
127,128,5,36,2,43.0,335.0,600.0,250.0,5.7,5.0
128,129,5,36,2,32.0,349.0,500.0,250.0,4.8,4.0
129,130,5,36,2,31.0,349.0,500.0,250.0,5.4,5.0
130,131,5,36,2,29.5,349.0,500.0,250.0,4.7,5.0
131,132,5,37,2,26.0,306.0,400.0,250.0,4.8,5.0
132,133,5,36,2,30.0,335.0,600.0,250.0,6.3,7.0
133,134,5,37,2,21.5,248.0,500.0,240.0,6.3,5.0
134,135,5,36,2,34.0,335.0,600.0,250.0,5.7,5.0
135,136,5,36,2,29.0,335.0,600.0,250.0,5.7,5.0
136,137,5,37,2,22.5,248.0,500.0,240.0,6.3,4.0
137,138,5,37,2,19.5,248.0,400.0,240.0,6.5,5.0
138,139,5,37,2,17.5,248.0,400.0,230.0,7.3,5.0
139,140,5,38,5,37.5,402.0,664.0,200.0,5.5,5.0
140,141,5,39,5,39.0,402.0,664.0,200.0,5.5,5.0
141,142,5,37,2,24.5,248.0,400.0,250.0,5.3,2.0
142,143,6,40,4,82.5,369.0,570.0,250.0,4.4,2.0
143,144,6,21,2,22.5,255.0,400.0,250.0,5.6,5.0
144,145,6,41,2,28.5,382.0,500.0,250.0,4.1,5.0
145,146,6,21,2,24.0,255.0,400.0,250.0,5.8,4.0
146,147,6,33,2,40.5,503.0,650.0,290.0,3.8,4.0
147,148,6,21,2,28.5,248.0,400.0,250.0,5.9,5.0
148,149,6,32,2,39.0,523.0,650.0,250.0,3.6,5.0
149,150,6,42,2,16.0,136.0,220.0,213.0,8.5,5.0
150,151,6,21,2,21.0,261.0,400.0,250.0,6.1,5.0
151,152,6,21,2,15.0,302.0,450.0,250.0,4.8,5.0
152,153,6,43,3,15.0,116.0,280.0,200.0,10.3,5.0
153,154,6,44,3,19.0,190.0,400.0,230.0,6.9,5.0
154,155,6,42,2,14.0,109.0,200.0,200.0,10.9,5.0
155,156,6,44,3,17.0,150.0,380.0,216.0,8.4,5.0
156,157,6,21,2,18.5,178.0,300.0,230.0,7.1,5.0
157,158,6,21,2,21.0,224.0,400.0,240.0,6.1,5.0
158,159,6,43,3,13.5,95.0,270.0,185.0,12.2,5.0
159,160,6,45,2,13.0,102.0,200.0,195.0,11.2,5.0
160,161,6,44,3,22.0,224.0,400.0,240.0,6.3,5.0
161,162,6,42,2,17.0,136.0,250.0,211.0,8.9,5.0
162,163,6,43,3,15.0,116.0,270.0,200.0,10.9,5.0
163,164,6,42,2,17.5,136.0,250.0,213.0,8.5,5.0
164,165,6,42,2,18.5,136.0,250.0,213.0,8.5,5.0
165,166,6,21,2,19.5,178.0,300.0,230.0,7.1,5.0
166,167,6,45,2,14.5,109.0,200.0,195.0,10.9,5.0
167,168,6,43,3,15.5,116.0,270.0,200.0,10.5,5.0
168,169,6,44,3,19.5,163.0,400.0,225.0,7.7,5.0
169,170,6,42,2,18.0,136.0,250.0,213.0,8.5,5.0
170,171,6,44,3,18.0,150.0,380.0,216.0,8.4,5.0
171,172,6,21,2,20.0,178.0,300.0,230.0,7.2,5.0
172,173,6,43,3,14.0,95.0,270.0,185.0,12.2,5.0
173,174,6,42,2,17.5,136.0,250.0,213.0,8.5,5.0
174,175,12,46,6,30.0,247.0,400.0,200.0,6.5,7.0
175,176,12,46,6,27.5,247.0,400.0,220.0,6.4,5.0
176,177,12,46,6,30.0,295.0,400.0,250.0,5.9,5.0
177,178,13,47,2,13.5,187.0,250.0,200.0,8.0,5.0
178,179,13,47,2,15.0,187.0,250.0,200.0,8.0,5.0
179,180,13,47,2,16.0,187.0,350.0,200.0,8.0,5.0
180,181,13,21,2,18.0,240.0,400.0,210.0,6.7,5.0
181,182,13,47,2,16.5,187.0,350.0,200.0,8.0,5.0
182,183,14,48,2,22.0,315.0,400.0,272.0,5.7,5.0
183,184,13,49,7,20.5,261.0,350.0,180.0,8.0,5.0
184,185,13,47,2,13.0,187.0,250.0,200.0,8.0,5.0
185,186,13,21,2,19.0,240.0,400.0,210.0,6.7,5.0
186,187,13,47,8,14.5,187.0,250.0,200.0,8.3,5.0
187,188,13,47,2,266.0,187.0,350.0,200.0,8.0,5.0
188,189,13,47,2,14.0,187.0,250.0,200.0,8.2,5.0
189,190,14,50,2,214.5,192.0,370.0,201.0,7.1,5.0
190,191,13,51,4,18.5,227.0,350.0,180.0,8.0,5.0
191,192,13,52,7,21.0,261.0,350.0,180.0,7.9,5.0
192,193,13,47,2,18.0,187.0,400.0,200.0,8.1,5.0
193,194,13,47,2,19.0,187.0,400.0,200.0,8.1,5.0
194,195,13,21,8,20.0,240.0,400.0,210.0,6.5,5.0
195,196,13,47,2,263.0,187.0,250.0,200.0,8.5,5.0
196,197,14,50,9,15.0,190.0,400.0,186.0,8.2,5.0
197,198,14,53,2,20.0,285.0,360.0,209.0,6.3,8.0
198,199,14,50,2,188.0,180.0,300.0,220.0,6.8,5.0
199,200,10,54,9,13.5,301.0,250.0,220.0,6.0,5.0
200,201,10,55,9,261.0,139.0,200.0,180.0,9.4,5.0
201,202,10,55,4,363.0,121.0,142.0,180.0,10.5,5.0
202,203,10,56,9,63.5,203.0,400.0,200.0,8.1,5.0
203,204,10,57,9,219.0,295.0,370.0,220.0,7.2,7.0
204,205,10,58,2,218.5,270.0,400.0,200.0,7.5,5.0
205,206,10,59,2,213.0,159.0,400.0,180.0,9.5,5.0
206,207,10,15,2,469.5,381.0,650.0,220.0,6.7,5.0
207,208,10,57,2,220.5,301.0,400.0,220.0,6.9,5.0
208,209,10,55,10,226.0,151.0,335.0,180.0,9.2,5.0
209,210,10,60,9,97.0,245.0,360.0,190.0,8.0,7.0
210,211,10,56,4,216.5,219.0,400.0,200.0,7.5,5.0
211,212,10,57,4,220.0,240.0,350.0,220.0,8.2,7.0
212,213,10,58,6,224.5,282.0,450.0,200.0,7.2,7.0
213,214,10,57,4,221.5,344.0,650.0,220.0,6.2,5.0
214,215,10,61,2,209.0,106.0,150.0,180.0,11.2,5.0
215,216,10,62,9,212.0,144.0,250.0,200.0,10.2,5.0
216,217,10,63,5,221.5,218.0,330.0,200.0,7.5,5.0
217,218,10,64,4,219.0,236.0,400.0,200.0,7.6,5.0
218,219,10,62,2,14.5,168.0,400.0,200.0,6.9,2.0
219,220,10,62,2,12.5,140.0,250.0,200.0,8.5,5.0
220,221,14,65,9,207.5,119.0,145.0,180.0,10.2,5.0
221,222,14,48,2,210.0,158.0,400.0,200.0,8.5,5.0
222,223,15,66,2,206.0,87.0,120.0,160.0,12.2,5.0
223,224,15,67,9,207.5,99.0,250.0,180.0,10.5,5.0
224,225,15,68,9,209.0,147.0,250.0,200.0,9.5,5.0
225,226,16,69,3,209.0,155.0,400.0,180.0,10.5,7.0
226,227,16,69,3,208.0,140.0,280.0,160.0,11.2,7.0
227,228,16,70,6,210.0,150.0,320.0,180.0,10.5,4.0
228,229,17,66,2,205.0,83.0,113.0,160.0,12.2,5.0
229,230,17,66,6,205.5,83.0,113.0,160.0,12.2,5.0
230,231,17,71,2,207.0,103.0,200.0,180.0,11.5,5.0
231,232,10,72,7,65.5,220.0,220.0,180.0,6.7,5.0
232,233,10,73,2,515.5,300.0,370.0,230.0,2.5,5.0
233,234,10,74,6,279.0,305.0,650.0,210.0,6.8,7.0
234,235,10,75,4,28.0,437.0,750.0,180.0,6.2,5.0
235,236,10,76,2,207.5,169.0,250.0,190.0,8.2,5.0
236,209,10,77,10,274.5,152.0,335.0,180.0,9.0,5.0
237,237,10,78,6,25.0,224.0,500.0,170.0,10.0,5.0
238,238,10,79,2,30.0,296.0,400.0,180.0,8.5,7.0
239,239,10,78,11,27.5,204.0,500.0,175.0,10.5,7.0
240,240,10,80,4,20.0,184.0,250.0,165.0,9.5,7.0
241,241,10,81,3,35.0,134.0,500.0,120.0,,20.0
242,242,10,82,2,12.5,114.0,130.0,170.0,11.0,5.0
243,243,10,83,2,9.0,71.0,93.0,160.0,14.8,4.0
244,244,10,78,3,25.0,204.0,500.0,175.0,10.0,5.0
245,245,10,84,5,27.5,136.0,280.0,130.0,13.5,7.0
246,246,10,85,2,85.0,406.0,500.0,200.0,6.0,5.0
247,247,10,86,4,12.0,134.0,300.0,180.0,10.0,5.0
248,248,10,87,5,17.5,241.0,340.0,160.0,7.5,5.0
249,249,10,73,2,22.5,268.0,390.0,230.0,5.5,4.0
250,250,15,88,9,25.0,253.0,420.0,180.0,9.3,7.0
251,251,15,89,5,20.5,225.0,350.0,185.0,7.4,5.0
252,252,15,90,2,419.5,281.0,400.0,215.0,6.5,5.0
253,253,15,91,12,260.0,147.0,400.0,185.0,7.5,5.0
254,254,15,92,9,484.5,147.0,250.0,210.0,8.3,5.0
255,256,15,93,5,245.5,320.0,350.0,185.0,5.2,5.0
256,257,15,94,9,265.0,187.0,400.0,180.0,6.1,5.0
257,258,15,95,2,26.0,291.0,355.0,240.0,6.3,7.0
258,259,15,94,9,12.5,191.0,250.0,240.0,8.0,5.0
259,260,15,96,2,7.5,120.0,151.0,180.0,9.8,5.0
260,261,15,96,2,9.0,121.0,240.0,180.0,9.5,5.0
261,262,15,97,5,20.0,200.0,395.0,200.0,6.1,5.0
262,263,15,92,2,12.5,275.0,264.0,220.0,6.0,4.0
263,264,15,98,10,19.0,161.0,400.0,180.0,7.8,5.0
264,265,15,96,13,9.0,139.0,295.0,160.0,8.5,5.0
265,266,15,95,2,26.0,291.0,400.0,240.0,6.3,5.0
266,267,15,99,2,27.5,278.0,250.0,240.0,6.5,5.0
267,268,15,99,2,27.5,278.0,400.0,240.0,6.5,5.0
268,269,15,92,2,9.5,160.0,320.0,200.0,8.2,4.0
269,270,15,100,2,11.0,160.0,320.0,200.0,8.3,5.0
270,271,18,101,2,11.5,215.0,250.0,210.0,8.5,5.0
271,272,18,102,2,12.5,215.0,250.0,210.0,7.8,5.0
272,273,18,102,14,266.5,190.0,300.0,209.0,8.5,7.0
273,274,18,103,2,508.0,189.0,250.0,210.0,7.7,5.0
274,275,18,104,2,9.0,140.0,175.0,190.0,9.5,5.0
275,276,18,102,2,23.0,215.0,350.0,250.0,5.6,5.0
276,277,18,105,5,387.0,251.5,310.0,160.0,7.8,5.0
277,278,18,106,2,7.5,82.0,95.0,160.0,13.0,4.0
278,279,18,107,15,27.5,365.5,600.0,235.0,5.9,5.0
279,280,18,102,2,17.5,202.5,350.0,233.0,6.0,4.0
280,281,18,102,2,10.0,157.5,240.0,205.0,7.0,4.0
281,282,18,108,3,20.0,210.5,550.0,180.0,7.9,5.0
282,283,18,102,2,15.0,207.5,320.0,205.0,7.2,5.0
283,284,18,102,15,16.5,185.0,280.0,200.0,9.3,7.0
284,285,18,103,15,14.0,126.0,250.0,185.0,10.5,7.0
285,286,11,109,2,16.5,261.0,385.0,160.0,9.5,12.0
286,287,18,103,2,12.0,122.5,200.0,183.0,10.0,5.0
287,288,18,102,3,35.0,177.0,340.0,180.0,13.0,7.0
288,289,18,110,5,17.5,204.0,310.0,160.0,7.3,5.0
289,290,18,105,5,527.0,204.0,310.0,145.0,10.2,7.0
290,291,18,102,2,498.0,245.0,350.0,250.0,5.9,5.0
291,292,18,102,2,342.0,315.0,420.0,250.0,4.6,5.0
292,293,18,111,3,18.0,215.0,400.0,220.0,7.8,5.0
293,294,18,102,2,14.0,204.0,320.0,238.0,6.7,5.0
294,295,18,112,2,10.0,115.0,200.0,196.0,8.8,4.0
295,296,18,113,2,12.5,122.5,250.0,200.0,10.2,5.0
296,297,18,105,5,22.5,236.5,310.0,180.0,8.4,5.0
297,298,18,105,5,27.5,204.0,310.0,145.0,10.2,3.0
298,299,18,114,4,35.0,462.0,700.0,250.0,5.1,5.0
299,300,18,115,14,25.0,184.0,350.0,190.0,9.4,7.0
300,301,18,116,3,11.0,85.0,250.0,190.0,10.5,5.0
301,302,18,103,2,15.0,140.0,250.0,210.0,8.9,5.0
302,303,18,111,2,17.5,173.5,350.0,210.0,7.1,5.0
303,304,18,102,2,20.0,280.0,350.0,250.0,5.5,4.0
304,305,18,102,2,17.5,207.0,320.0,215.0,7.6,7.0
305,306,18,102,2,24.0,255.0,350.0,250.0,5.6,5.0
306,307,18,117,5,25.0,299.0,460.0,180.0,6.2,5.0
307,308,18,118,5,17.5,204.0,310.0,160.0,7.3,5.0
308,309,18,119,2,16.0,140.0,320.0,220.0,7.5,5.0
309,310,18,111,3,20.0,139.5,410.0,160.0,13.0,3.0
310,311,18,120,2,7.5,67.5,120.0,170.0,14.3,4.0
311,312,18,121,2,12.5,190.0,245.0,235.0,6.4,4.0
312,313,18,122,2,42.5,345.0,560.0,250.0,6.1,5.0
313,314,18,123,2,15.0,157.5,200.0,217.0,8.4,4.0
314,315,18,124,2,7.5,110.0,145.0,190.0,12.9,5.0
315,316,18,125,2,7.0,95.0,132.0,170.0,10.8,5.0
316,317,18,126,2,12.5,47.0,106.0,138.0,23.0,2.0
317,318,18,127,2,6.0,65.0,93.0,148.0,17.5,5.0
318,319,18,128,2,9.0,107.5,153.0,186.0,11.7,5.0
319,320,18,129,5,16.5,136.0,290.0,140.0,10.4,5.0
320,321,18,130,2,10.0,125.0,220.0,200.0,9.4,5.0
321,322,18,131,2,16.0,255.5,350.0,190.0,8.6,7.0
322,323,18,132,2,12.0,158.0,250.0,193.0,8.4,5.0
323,324,18,133,2,9.0,98.5,95.0,160.0,12.4,4.0
324,325,18,134,2,17.5,132.5,250.0,205.0,9.6,4.0
325,326,18,135,2,20.0,240.0,280.0,240.0,7.3,5.0
326,327,18,136,3,17.5,153.0,340.0,180.0,12.2,9.0
327,328,18,108,3,22.5,231.0,580.0,191.0,7.9,5.0
328,329,18,137,5,12.5,170.0,220.0,160.0,8.0,5.0
329,330,18,138,3,10.0,90.0,250.0,190.0,9.9,5.0
330,331,18,139,4,20.0,204.0,350.0,222.0,7.6,5.0
331,332,18,140,2,35.0,421.0,770.0,250.0,4.9,5.0
332,333,18,141,2,15.0,150.0,250.0,200.0,7.5,4.0
333,334,18,142,2,14.0,215.0,250.0,210.0,8.7,5.0
334,335,18,105,5,22.5,201.0,310.0,180.0,7.8,5.0
335,314,18,123,2,15.0,157.5,200.0,217.0,8.4,4.0
336,336,18,143,2,12.5,98.0,170.0,165.0,12.0,5.0
337,337,18,135,2,15.5,228.0,350.0,250.0,6.5,5.0
338,338,18,135,2,25.0,235.0,420.0,250.0,5.6,5.0
339,339,18,134,2,13.5,132.5,250.0,200.0,8.5,5.0
340,340,18,144,2,20.0,240.0,320.0,250.0,6.2,5.0
341,341,18,145,2,13.0,180.0,280.0,220.0,8.5,5.0
342,342,18,143,2,17.5,137.0,230.0,220.0,7.1,4.0
343,301,18,116,3,10.0,85.0,210.0,190.0,10.5,5.0
344,343,18,146,3,19.0,184.0,380.0,230.0,7.5,5.0
345,344,18,147,2,22.5,272.0,400.0,200.0,4.1,5.0
346,345,18,105,5,30.0,204.0,310.0,145.0,10.2,7.0
347,346,18,148,4,14.0,170.0,250.0,210.0,8.6,5.0
348,347,18,146,2,17.5,175.0,320.0,220.0,7.8,5.0
349,348,18,149,4,75.0,68.0,140.0,160.0,11.9,2.0
350,349,18,146,3,14.0,167.0,350.0,220.0,8.0,5.0
351,350,18,142,2,15.0,195.0,280.0,220.0,8.5,5.0
352,351,18,135,2,15.0,300.0,320.0,240.0,6.7,5.0
353,346,18,148,4,14.0,170.0,250.0,210.0,8.6,5.0
354,352,18,105,5,22.5,299.0,310.0,180.0,6.2,5.0
355,353,18,135,2,25.0,235.0,420.0,250.0,5.6,5.0
356,354,18,150,2,15.0,130.0,200.0,220.0,8.8,5.0
357,355,18,135,2,17.5,220.0,350.0,246.0,6.5,4.0
358,356,18,146,3,12.5,136.0,250.0,180.0,12.0,7.0
359,357,18,116,3,10.0,61.0,140.0,165.0,14.5,4.0
360,358,18,133,2,11.0,95.0,175.0,187.0,9.5,5.0
361,359,18,148,4,16.0,215.0,330.0,210.0,7.4,5.0
362,360,18,135,2,20.0,290.0,370.0,250.0,5.6,5.0
363,361,18,135,2,22.5,210.0,420.0,250.0,4.9,5.0
364,362,18,146,3,17.5,167.0,350.0,200.0,8.3,7.0
365,363,18,105,5,27.5,204.0,310.0,145.0,10.2,2.0
366,364,18,135,2,25.0,280.0,350.0,250.0,5.6,5.0
367,365,18,135,2,15.5,228.0,350.0,250.0,6.5,5.0
368,366,18,135,2,12.5,174.0,250.0,205.0,7.0,4.0
369,367,18,146,3,15.0,167.0,350.0,220.0,7.8,5.0
370,368,18,146,2,20.0,167.0,400.0,250.0,4.9,5.0
371,369,18,151,2,13.5,148.5,250.0,200.0,8.5,5.0
372,370,18,135,2,15.0,207.0,320.0,237.0,6.7,5.0
373,371,18,152,2,30.0,285.5,450.0,235.0,7.5,5.0
374,372,18,153,4,21.0,245.0,400.0,200.0,7.5,5.0
375,373,18,106,5,11.5,83.0,210.0,130.0,11.9,4.0
376,374,18,154,3,35.0,325.0,580.0,210.0,7.4,5.0
377,375,18,135,2,22.5,265.0,380.0,250.0,5.9,4.0
378,376,18,146,3,20.0,190.0,400.0,220.0,8.0,5.0
379,377,18,105,5,27.5,204.0,310.0,145.0,10.2,2.0
380,378,11,155,2,358.0,122.0,154.0,180.0,10.4,5.0
381,379,11,156,2,257.5,100.0,160.0,175.0,10.8,5.0
382,380,11,157,2,38.5,400.0,560.0,210.0,7.3,7.0
383,381,11,158,2,13.0,156.0,260.0,195.0,8.9,5.0
384,382,11,159,2,19.5,260.0,325.0,210.0,7.5,5.0
385,383,11,159,2,22.5,300.0,353.0,220.0,6.2,5.0
386,384,11,157,2,25.5,400.0,560.0,210.0,6.5,8.0
387,385,11,155,2,10.0,122.0,154.0,180.0,10.7,5.0
388,386,11,160,4,14.5,201.0,305.0,200.0,8.0,5.0
389,387,11,161,2,20.0,400.0,475.0,250.0,4.5,2.0
390,388,11,156,2,257.0,100.0,160.0,185.0,10.7,5.0
391,389,11,162,2,9.0,137.0,174.0,190.0,9.6,5.0
392,390,11,163,4,8.0,109.0,150.0,170.0,11.5,5.0
393,391,11,155,2,7.5,118.0,156.0,180.0,11.0,5.0
394,392,11,162,2,257.0,122.0,171.0,175.0,10.6,5.0
395,393,11,156,2,12.5,117.0,180.0,180.0,10.4,5.0
396,394,11,164,3,257.5,110.0,248.0,168.0,13.5,5.0
397,395,11,156,2,6.0,100.0,160.0,160.0,13.0,5.0
398,396,11,109,2,17.5,261.0,381.0,200.0,7.8,7.0
399,397,11,157,2,38.5,400.0,560.0,210.0,7.3,7.0
400,398,11,165,2,110.0,600.0,652.0,330.0,2.9,2.0
401,399,11,166,2,430.5,332.0,366.0,250.0,5.5,2.0
402,400,11,167,5,504.0,389.0,600.0,200.0,5.1,5.0
403,401,11,157,2,42.5,400.0,560.0,210.0,6.6,7.0
404,402,11,157,2,335.0,400.0,560.0,210.0,6.5,7.0
405,403,11,155,2,257.0,126.0,154.0,190.0,10.1,5.0
406,404,11,168,2,9.5,115.0,190.0,190.0,10.7,5.0
407,405,11,169,2,6.5,102.0,139.0,175.0,11.5,5.0
408,406,11,170,2,259.0,133.0,191.0,185.0,10.5,5.0
409,407,11,171,2,6.0,79.0,106.0,170.0,13.7,5.0
410,408,11,170,2,492.0,141.0,199.0,190.0,9.8,5.0
411,409,11,172,4,264.0,179.0,207.0,180.0,9.4,5.0
412,410,11,159,2,431.0,284.0,351.0,190.0,7.4,7.0
413,411,11,157,2,182.5,400.0,560.0,210.0,6.5,8.0
414,412,11,155,2,7.0,104.0,145.0,165.0,12.5,5.0
415,413,11,165,2,33.666666666666664,720.0,780.0,315.0,2.5,2.0
416,414,11,166,2,417.5,350.0,374.0,250.0,5.2,2.0
417,415,11,167,5,30.0,389.0,600.0,200.0,5.1,5.0
418,416,11,157,2,52.5,428.0,560.0,210.0,6.5,7.0
419,417,11,173,2,395.5,300.0,400.0,250.0,5.0,4.0
420,418,11,174,2,10.0,140.0,190.0,200.0,9.6,5.0
421,419,11,173,2,25.0,400.0,475.0,250.0,5.0,5.0
422,420,11,175,2,11.0,150.0,190.0,190.0,10.5,5.0
423,421,11,176,2,15.0,210.0,250.0,210.0,8.6,5.0
424,422,11,177,2,259.0,120.0,170.0,175.0,11.0,5.0
425,423,11,178,2,27.5,280.0,451.0,190.0,8.2,7.0
426,424,11,179,4,271.0,250.0,329.0,190.0,7.7,7.0
427,425,11,180,2,20.0,190.0,240.0,175.0,10.8,7.0
428,426,11,181,2,19.0,201.0,300.0,180.0,8.2,5.0
429,427,11,182,4,18.0,158.0,270.0,190.0,9.2,5.0
430,428,11,165,2,87.5,600.0,652.0,330.0,2.8,2.0
431,429,11,161,2,27.5,420.0,475.0,270.0,4.7,5.0
432,430,11,167,5,31.5,389.0,600.0,200.0,5.1,5.0
433,431,11,157,2,49.0,428.0,560.0,210.0,6.5,7.0
434,432,11,183,2,405.5,390.0,500.0,250.0,5.6,5.0
435,433,11,174,2,10.0,140.0,186.0,180.0,9.8,5.0
436,434,11,162,2,9.0,125.0,168.0,175.0,10.8,5.0
437,435,11,184,2,258.5,115.0,161.0,170.0,11.5,5.0
438,436,11,185,2,16.0,210.0,265.0,200.0,8.4,5.0
439,437,11,186,2,12.0,190.0,240.0,200.0,7.5,5.0
440,438,11,187,2,10.0,150.0,217.0,180.0,10.6,5.0
441,439,11,180,2,259.0,158.0,225.0,175.0,11.0,5.0
442,440,11,157,2,47.5,428.0,560.0,210.0,6.5,7.0
443,441,11,157,2,30.0,400.0,560.0,200.0,6.5,7.0
444,442,11,181,2,19.5,201.0,300.0,180.0,8.2,5.0
445,443,11,165,2,92.5,600.0,652.0,330.0,2.8,2.0
446,444,11,161,2,24.0,400.0,475.0,250.0,4.2,2.0
447,445,11,188,2,35.0,276.0,392.0,250.0,5.6,4.0
448,446,11,167,5,33.5,389.0,600.0,200.0,5.1,5.0
449,447,11,189,2,25.0,268.0,380.0,230.0,6.5,5.0
450,448,11,190,3,14.0,129.0,356.0,155.0,12.5,8.0
451,449,11,191,3,16.0,190.0,450.0,180.0,10.2,5.0
452,450,11,157,2,27.5,400.0,560.0,195.0,6.9,6.0
453,451,11,164,3,12.5,85.0,200.0,140.0,15.0,7.0
454,452,11,190,3,13.5,130.0,350.0,145.0,14.8,3.0
455,453,11,192,2,7.0,67.0,110.0,145.0,14.0,5.0
456,454,11,193,3,11.0,94.0,184.0,160.0,12.5,5.0
457,455,11,194,2,22.5,247.0,275.0,235.0,5.9,4.0
458,456,11,174,2,11.0,140.0,180.0,200.0,9.0,4.0
459,457,11,169,2,8.0,105.0,150.0,165.0,12.3,5.0
460,458,11,178,2,29.0,280.0,451.0,190.0,8.2,7.0
461,459,11,159,2,22.0,284.0,351.0,195.0,7.2,7.0
462,460,11,195,3,14.0,125.0,278.0,160.0,12.9,5.0
463,461,11,159,2,23.5,260.0,325.0,195.0,7.6,4.0
464,462,11,196,4,21.5,204.0,305.0,190.0,8.0,5.0
465,463,11,197,4,300.0,500.0,650.0,320.0,3.0,2.0
466,464,11,161,2,35.0,400.0,475.0,250.0,4.5,5.0
467,465,11,166,2,21.0,328.0,365.0,250.0,5.5,5.0
468,466,11,157,2,42.5,400.0,560.0,200.0,6.5,7.0
469,467,11,167,5,34.0,389.0,600.0,200.0,5.1,5.0
470,468,11,198,2,12.5,96.0,135.0,175.0,10.2,4.0
471,469,11,194,2,15.0,200.0,265.0,240.0,7.2,4.0
472,470,11,199,2,25.0,300.0,384.0,250.0,5.9,4.0
473,471,11,200,2,0.3333333333333333,550.0,637.0,354.0,3.3,2.0
474,472,11,201,2,10.0,76.0,103.0,170.0,12.8,4.0
475,473,11,202,2,12.5,134.0,206.0,160.0,10.6,5.0
476,474,11,203,3,17.5,130.0,300.0,130.0,18.0,3.0
477,475,11,204,2,5.0,48.0,62.0,110.0,18.5,4.0
478,476,11,174,2,14.0,131.0,188.0,140.0,14.0,7.0
479,477,11,205,2,9.0,85.0,130.0,155.0,13.8,5.0
480,478,11,174,2,11.5,140.0,180.0,190.0,11.0,5.0
481,479,11,202,2,11.0,138.0,205.0,160.0,12.0,7.0
482,480,11,194,2,17.5,205.0,275.0,240.0,6.8,4.0
483,481,11,206,2,9.0,110.0,140.0,170.0,11.0,5.0
484,482,11,157,2,47.5,428.0,580.0,205.0,6.3,7.0
485,483,11,157,2,35.0,400.0,560.0,190.0,6.8,7.0
486,484,11,174,2,16.0,141.0,195.0,190.0,9.0,5.0
487,485,11,196,4,23.0,204.0,305.0,190.0,8.0,5.0
488,486,11,207,4,20.0,187.0,330.0,200.0,7.5,5.0
489,487,11,165,2,110.0,565.0,637.0,315.0,2.8,2.0
490,488,11,208,2,25.0,325.0,451.0,250.0,5.8,5.0
491,489,11,161,2,37.5,400.0,475.0,250.0,4.5,5.0
492,490,11,167,5,35.0,389.0,600.0,200.0,5.1,5.0
493,491,11,157,2,47.5,428.0,580.0,205.0,6.3,7.0
494,492,11,209,2,22.5,151.0,198.0,210.0,8.0,2.0
495,493,11,206,2,9.0,110.0,135.0,185.0,9.6,4.0
496,494,11,185,2,30.0,250.0,330.0,225.0,8.5,5.0
497,495,11,199,2,27.5,300.0,384.0,250.0,5.9,4.0
498,496,11,194,2,17.5,250.0,300.0,240.0,5.6,4.0
499,497,11,191,3,20.0,135.0,360.0,150.0,15.0,3.0
500,498,11,157,2,27.5,400.0,560.0,180.0,7.0,5.0
501,499,11,210,3,15.0,127.0,260.0,140.0,14.0,7.0
502,500,11,211,4,17.5,134.0,320.0,160.0,12.0,7.0
503,501,11,159,2,25.0,280.0,344.0,200.0,8.5,7.0
504,502,11,198,2,12.5,96.0,135.0,175.0,10.2,4.0
505,503,11,174,2,9.0,120.0,170.0,175.0,11.0,5.0
506,504,11,194,2,15.0,230.0,280.0,225.0,6.0,5.0
507,505,11,212,2,7.5,114.0,160.0,180.0,12.5,5.0
508,506,11,206,2,6.0,115.0,150.0,185.0,10.5,5.0
509,507,11,213,2,5.0,105.0,135.0,165.0,13.0,5.0
510,508,11,214,3,12.5,125.0,260.0,160.0,12.5,7.0
511,509,11,215,3,22.5,155.0,330.0,160.0,12.0,7.0
512,510,11,194,2,19.0,280.0,310.0,215.0,6.4,5.0
513,511,11,216,2,14.0,170.0,290.0,175.0,10.0,5.0
514,512,11,208,2,35.0,280.0,400.0,210.0,7.5,5.0
515,513,11,217,2,30.0,270.0,390.0,210.0,8.0,5.0
516,514,11,218,2,22.5,255.0,340.0,215.0,6.5,5.0
517,515,11,218,2,25.0,255.0,340.0,220.0,6.5,5.0
518,516,11,208,2,25.0,340.0,450.0,240.0,6.2,5.0
519,517,11,209,2,22.5,151.0,198.0,210.0,8.0,2.0
520,518,11,219,2,17.5,145.0,210.0,205.0,9.5,2.0
521,519,11,220,2,10.0,175.0,230.0,215.0,6.8,4.0
522,469,11,194,2,12.5,200.0,260.0,225.0,7.0,4.0
523,456,11,221,2,9.0,140.0,180.0,200.0,9.0,4.0
524,520,11,109,2,18.0,261.0,385.0,160.0,10.0,2.0
525,521,11,157,2,21.0,375.0,525.0,170.0,9.0,2.0
526,522,11,222,3,17.5,150.0,350.0,140.0,15.0,3.0
527,523,19,223,2,44.0,330.0,450.0,270.0,5.6,4.0
528,524,19,223,2,46.0,330.0,450.0,270.0,5.4,4.0
529,525,19,223,2,52.5,440.0,550.0,289.0,4.4,4.0
530,526,19,224,2,90.0,620.0,820.0,315.0,3.1,4.0
531,527,19,224,2,65.0,473.0,620.0,300.0,3.9,4.0
532,528,19,223,2,51.0,330.0,450.0,270.0,5.4,4.0
533,529,19,225,16,57.5,455.0,700.0,280.0,4.4,4.0
534,530,19,225,16,60.0,455.0,700.0,280.0,4.4,4.0
535,531,19,226,16,95.0,690.0,870.0,315.0,3.2,4.0
536,532,19,223,2,47.5,330.0,450.0,270.0,5.6,4.0
537,533,19,227,2,40.0,335.0,450.0,245.0,5.9,5.0
538,534,19,227,2,42.5,335.0,450.0,245.0,6.0,5.0
539,535,19,223,2,47.5,434.0,550.0,265.0,5.0,5.0
540,536,19,224,2,65.0,541.0,770.0,286.0,4.0,5.0
541,537,19,224,2,55.0,453.0,620.0,270.0,4.5,5.0
542,538,19,226,16,85.0,670.0,900.0,295.0,3.6,5.0
543,539,19,135,2,30.0,261.0,400.0,232.0,6.2,5.0
544,540,19,223,2,37.5,375.0,520.0,259.0,4.8,5.0
545,541,19,223,2,42.5,434.0,550.0,272.0,4.5,5.0
546,542,19,135,2,32.5,261.0,400.0,232.0,6.2,5.0
547,543,19,228,2,55.0,379.0,450.0,293.0,4.2,4.0
548,544,19,229,2,215.5,443.0,528.0,308.0,3.5,4.0
549,545,19,229,2,303.0,379.0,450.0,293.0,4.2,4.0
550,546,19,229,2,206.5,443.0,528.0,306.0,3.4,4.0
551,547,19,229,2,210.5,379.0,450.0,289.0,4.4,4.0
552,548,19,230,2,198.5,572.0,750.0,320.0,2.7,4.0
553,549,19,230,2,315.0,640.0,800.0,330.0,2.6,4.0
554,550,19,231,2,130.5,502.0,469.0,318.0,3.4,2.0
555,551,19,231,2,270.5,518.0,465.0,296.0,3.2,2.0
556,552,19,229,2,111.0,473.0,570.0,240.0,3.4,2.0
557,553,19,232,5,393.0,402.0,344.0,230.0,5.4,4.0
558,554,19,232,5,451.5,522.0,640.0,250.0,4.0,4.0
559,555,19,233,5,525.0,670.0,850.0,260.0,3.2,4.0
560,556,19,233,5,92.5,750.0,1050.0,260.0,2.8,4.0
561,557,19,233,5,441.0,590.0,850.0,250.0,3.5,4.0
562,558,19,233,5,398.5,469.0,500.0,220.0,4.8,5.0
563,559,19,232,5,52.0,509.0,650.0,240.0,4.1,5.0
564,560,19,234,2,231.5,300.0,380.0,275.0,4.9,2.0
565,561,19,235,2,237.5,350.0,420.0,285.0,4.4,2.0
566,562,19,236,2,150.0,414.0,420.0,302.0,4.2,2.0
567,563,19,231,2,420.5,493.0,450.0,315.0,3.2,2.0
568,564,19,237,2,282.5,300.0,380.0,275.0,4.9,2.0
569,565,19,237,2,334.5,300.0,380.0,275.0,4.7,2.0
570,566,19,236,2,195.0,394.0,430.0,293.0,4.3,2.0
571,567,19,236,2,199.0,414.0,420.0,301.0,4.1,2.0
572,568,19,238,2,196.0,325.0,450.0,265.0,5.6,4.0
573,569,19,239,4,206.5,462.0,700.0,280.0,4.4,4.0
574,570,19,238,2,250.5,325.0,450.0,265.0,5.5,4.0
575,571,19,240,4,200.0,690.0,870.0,315.0,3.2,4.0
576,572,19,239,4,514.0,560.0,750.0,295.0,3.7,4.0
577,528,19,238,2,199.0,325.0,450.0,265.0,5.6,4.0
578,573,19,241,2,518.0,473.0,620.0,300.0,3.9,4.0
579,574,19,241,2,187.5,550.0,770.0,306.0,3.8,4.0
580,575,19,241,2,145.0,570.0,800.0,310.0,3.8,4.0
581,525,19,238,2,52.5,443.0,550.0,289.0,4.1,4.0
582,576,19,242,2,29.0,265.0,400.0,232.0,6.4,5.0
583,542,19,242,2,31.5,265.0,400.0,233.0,6.2,5.0
584,540,19,238,2,235.0,375.0,520.0,259.0,4.6,5.0
585,541,19,238,2,491.0,434.0,550.0,272.0,4.3,5.0
586,577,19,243,5,42.5,603.0,750.0,240.0,4.0,5.0
587,578,19,244,2,136.0,335.0,450.0,245.0,5.9,5.0
588,579,19,245,4,45.5,455.0,700.0,253.0,4.8,5.0
589,580,19,238,2,197.0,434.0,550.0,263.0,4.7,4.0
590,581,19,241,2,166.0,631.0,850.0,300.0,3.3,4.0
591,582,19,244,2,39.5,335.0,450.0,245.0,5.8,5.0
592,583,19,240,4,483.5,670.0,900.0,295.0,3.6,4.0
593,584,19,241,2,155.5,453.0,620.0,270.0,4.5,4.0
594,585,19,246,3,34.5,262.0,580.0,221.0,7.3,5.0
595,586,19,245,4,292.5,380.0,580.0,242.0,6.5,5.0
596,587,19,240,4,541.0,728.0,950.0,295.0,3.6,4.0
597,588,19,232,5,393.0,321.0,345.0,230.0,5.4,4.0
598,589,20,247,2,214.5,237.0,350.0,250.0,6.0,5.0
599,590,20,248,2,320.5,325.0,500.0,260.0,4.9,5.0
600,591,20,247,2,116.5,237.0,350.0,240.0,6.6,5.0
601,592,20,249,2,522.5,360.0,550.0,250.0,4.6,5.0
602,593,19,233,5,447.0,375.0,500.0,240.0,5.1,4.0
603,594,19,233,5,269.5,590.0,620.0,250.0,3.8,4.0
604,595,19,232,5,295.0,375.0,500.0,230.0,5.4,4.0
605,596,19,233,5,418.0,590.0,620.0,250.0,3.7,4.0
606,597,19,233,5,95.0,750.0,1050.0,260.0,2.9,4.0
607,598,19,229,2,103.0,379.0,450.0,293.0,4.2,4.0
608,599,19,229,2,514.5,443.0,530.0,304.0,3.9,4.0
609,545,19,229,2,206.5,379.0,450.0,293.0,4.4,4.0
610,600,19,229,2,68.5,473.0,570.0,311.0,3.3,4.0
611,601,19,229,2,228.5,473.0,570.0,307.0,3.5,4.0
612,602,19,230,2,142.0,572.0,750.0,320.0,2.9,4.0
613,603,19,230,2,103.5,640.0,800.0,330.0,2.7,4.0
614,604,19,231,2,85.0,502.0,470.0,318.0,3.9,2.0
615,605,19,231,2,511.5,525.0,465.0,296.0,3.2,2.0
616,606,19,229,2,111.0,473.0,570.0,240.0,3.4,4.0
617,607,19,229,2,222.5,473.0,570.0,311.0,3.2,4.0
618,608,19,229,2,317.5,379.0,450.0,289.0,4.3,4.0
619,609,19,230,2,129.0,607.0,750.0,330.0,2.9,4.0
620,610,19,230,2,246.5,700.0,750.0,340.0,2.8,2.0
621,611,19,231,2,122.5,510.0,470.0,290.0,3.4,1.0
622,612,19,231,2,111.0,500.0,450.0,315.0,3.4,2.0
623,613,19,250,2,375.0,515.0,480.0,296.0,3.1,1.0
624,614,19,229,2,58.0,379.0,450.0,293.0,4.4,4.0
625,615,19,230,2,245.5,572.0,750.0,318.0,3.0,4.0
626,616,19,229,2,116.5,473.0,570.0,240.0,3.5,4.0
627,617,21,251,2,104.0,86.0,113.0,170.0,13.0,5.0
628,618,21,252,5,5.5,74.0,114.0,120.0,5.7,5.0
629,619,21,253,6,205.0,87.5,156.5,170.0,12.0,5.0
630,620,21,251,2,155.5,86.0,113.0,170.0,12.5,5.0
631,621,21,254,2,6.0,110.0,140.0,180.0,10.0,5.0
632,622,21,255,17,405.5,86.0,113.0,165.0,12.0,5.0
633,623,21,251,2,104.5,86.0,113.0,170.0,13.5,5.0
634,624,21,256,2,2.0,37.0,51.0,105.0,29.0,4.0
635,625,21,257,3,103.0,70.0,140.0,155.0,16.0,5.0
636,626,21,258,2,2.5,65.0,100.0,140.0,16.0,5.0
637,627,21,251,2,204.5,86.0,113.0,170.0,13.0,5.0
638,628,21,259,5,257.0,74.0,114.0,120.0,5.7,5.0
639,629,21,260,11,354.0,82.5,165.0,165.0,15.0,5.0
640,630,21,257,3,253.0,70.0,140.0,155.0,16.5,5.0
641,631,20,261,2,187.0,420.0,624.0,210.0,6.8,7.0
642,632,21,262,11,154.0,77.5,125.0,150.0,17.0,5.0
643,633,21,263,11,4.5,82.5,157.5,160.0,14.0,5.0
644,634,21,257,3,3.5,70.0,140.0,150.0,17.0,5.0
645,635,21,264,2,103.5,85.0,115.0,160.0,15.0,5.0
646,636,20,261,2,188.5,420.0,624.0,205.0,6.9,7.0
647,637,21,265,6,7.0,114.0,215.0,180.0,10.0,5.0
648,638,21,266,5,12.5,143.0,250.0,140.0,9.0,5.0
649,639,21,267,3,11.5,168.0,350.0,180.0,11.0,5.0
650,640,21,267,3,262.5,168.0,350.0,180.0,11.0,7.0
651,641,21,268,2,255.0,86.0,113.0,160.0,16.0,5.0
652,642,21,269,3,10.0,154.0,400.0,180.0,12.0,7.0
653,643,21,270,3,9.5,138.0,320.0,162.0,13.0,7.0
654,644,21,271,3,7.5,85.0,250.0,125.0,17.6,7.0
655,645,21,270,3,258.0,118.0,250.0,140.0,15.0,7.0
656,646,21,272,5,11.0,129.0,245.0,120.0,9.4,5.0
657,618,21,252,5,5.5,74.0,114.0,120.0,5.7,5.0
658,647,22,273,5,289.0,670.0,967.0,250.0,3.1,5.0
659,648,22,274,5,299.0,10.5,200.5,322.0,2.1,5.0
660,649,22,275,5,140.0,283.0,420.0,225.0,5.8,5.0
661,650,22,276,5,146.5,450.0,660.0,261.0,3.1,5.0
662,651,22,277,5,294.0,670.0,967.0,250.0,3.8,7.0
663,652,22,274,5,301.5,10.5,200.5,262.0,2.6,6.0
664,653,22,278,5,268.5,346.0,498.0,217.0,5.0,5.0
665,654,22,276,5,270.0,384.0,559.0,217.0,4.8,5.0
666,655,22,279,5,484.5,800.0,178.0,209.0,2.9,6.0
667,656,22,280,5,100.0,144.5,5.0,402.0,1.9,4.0
668,657,23,281,2,115.0,285.0,353.0,180.0,6.8,4.0
669,658,23,282,2,71.0,270.0,400.0,180.0,7.1,4.0
670,659,23,281,2,285.5,293.0,352.0,209.0,7.0,5.0
671,660,23,281,2,286.5,293.0,352.0,209.0,7.2,7.0
672,661,23,283,2,366.0,180.0,230.0,195.0,8.5,5.0
673,662,23,284,2,310.5,200.0,320.0,200.0,7.8,5.0
674,663,23,285,2,186.5,177.0,285.0,200.0,8.7,5.0
675,664,23,281,2,406.5,285.0,353.0,177.0,8.1,5.0
676,665,23,286,2,329.0,392.0,548.0,190.0,7.4,8.0
677,666,23,287,2,293.0,471.0,617.0,190.0,6.0,8.0
678,667,23,288,4,462.0,375.0,637.0,210.0,6.0,5.0
679,668,23,288,4,372.5,375.0,637.0,180.0,6.4,5.0
680,669,23,289,4,273.0,240.0,270.0,200.0,7.3,5.0
681,670,23,289,4,272.0,240.0,270.0,200.0,7.5,5.0
682,671,24,290,2,9.25,108.0,142.0,180.0,10.2,5.0
683,672,23,273,5,40.0,600.0,850.0,177.0,4.5,5.0
684,673,23,281,2,310.5,285.0,353.0,177.0,8.6,5.0
685,674,23,291,2,320.5,357.0,529.0,190.0,7.3,5.0
686,675,23,292,2,168.0,271.0,324.0,195.0,7.6,5.0
687,676,23,293,2,288.5,470.0,637.0,160.0,4.5,4.0
688,677,20,247,2,263.5,235.0,350.0,220.0,7.6,5.0
689,678,20,294,2,119.5,310.0,366.0,210.0,6.5,5.0
690,679,20,294,2,321.5,310.0,366.0,210.0,6.9,7.0
691,680,20,295,5,324.0,340.0,440.0,190.0,5.7,5.0
692,681,20,296,2,569.5,682.0,885.0,200.0,4.4,7.0
693,682,20,261,2,349.5,420.0,624.0,210.0,6.8,7.0
694,683,20,296,2,46.0,668.0,893.0,320.0,3.4,5.0
695,684,20,297,2,277.5,472.0,603.0,290.0,3.9,5.0
696,685,20,247,2,215.5,235.0,350.0,220.0,7.4,5.0
697,686,20,294,2,73.0,310.0,366.0,210.0,6.5,5.0
698,687,20,294,2,76.0,310.0,366.0,210.0,6.9,7.0
699,688,20,295,5,524.5,340.0,440.0,190.0,5.7,5.0
700,689,20,273,5,527.0,500.0,620.0,210.0,4.5,5.0
701,690,20,247,2,165.5,237.0,350.0,240.0,6.8,5.0
702,691,25,298,2,304.5,98.0,127.0,180.0,10.7,5.0
703,692,25,299,2,368.0,138.0,200.0,190.0,8.5,5.0
704,693,25,300,2,12.5,160.0,250.0,210.0,8.0,5.0
705,694,25,247,2,213.0,275.0,400.0,240.0,5.4,4.0
706,695,25,261,2,480.0,495.0,637.0,312.0,3.0,2.0
707,696,25,294,2,475.0,310.0,360.0,210.0,7.0,7.0
708,697,25,300,2,313.0,170.0,275.0,200.0,8.9,5.0
709,698,25,294,2,22.0,308.0,366.0,220.0,6.6,5.0
710,699,25,301,2,525.5,355.0,519.0,200.0,7.5,7.0
711,700,25,301,2,479.5,355.0,519.0,190.0,7.6,8.0
712,701,25,248,2,362.5,310.0,583.0,190.0,6.8,5.0
713,702,25,301,2,418.5,355.0,519.0,180.0,7.0,6.0
714,703,25,302,2,270.5,401.0,629.0,170.0,8.0,6.0
715,704,25,303,3,272.5,445.0,1234.0,160.0,8.5,6.0
716,705,25,304,5,261.0,200.0,360.0,150.0,6.5,5.0
717,706,25,304,5,411.5,200.0,360.0,150.0,7.0,5.0
718,707,25,305,2,61.5,155.0,236.0,200.0,9.4,5.0
719,708,25,247,2,266.5,250.0,353.0,240.0,5.8,5.0
720,709,25,296,2,183.5,650.0,881.0,318.0,3.5,4.0
721,710,25,261,2,480.0,495.0,637.0,312.0,3.0,2.0
722,711,25,301,2,328.0,355.0,519.0,180.0,7.0,6.0
723,712,25,301,2,475.0,355.0,519.0,180.0,7.0,6.0
724,713,25,301,2,472.5,355.0,519.0,180.0,7.1,6.0
725,714,25,306,3,171.5,181.0,500.0,160.0,9.1,5.0
726,715,25,294,2,323.0,310.0,360.0,210.0,7.0,7.0
727,716,25,300,2,216.5,170.0,275.0,200.0,8.8,5.0
728,717,25,294,2,474.0,308.0,366.0,220.0,6.6,5.0
729,718,25,304,5,411.5,200.0,360.0,150.0,6.7,5.0
730,719,25,261,2,271.5,455.0,617.0,290.0,4.3,4.0
731,720,25,261,2,482.5,460.0,630.0,290.0,3.9,2.0
732,721,25,294,2,371.5,310.0,360.0,210.0,7.0,7.0
733,722,25,294,2,22.5,308.0,366.0,220.0,6.6,5.0
734,723,25,300,2,412.5,160.0,250.0,210.0,8.5,5.0
735,724,25,298,2,306.0,98.0,127.0,180.0,11.0,5.0
736,725,25,307,2,62.0,137.0,220.0,200.0,9.2,5.0
737,726,25,300,2,214.0,170.0,275.0,200.0,8.9,5.0
738,727,25,303,3,387.5,445.0,1234.0,160.0,8.5,6.0
739,728,25,248,2,114.5,310.0,583.0,190.0,6.9,5.0
740,729,25,261,2,241.0,420.0,624.0,200.0,7.0,8.0
741,730,25,308,2,466.5,285.0,413.0,180.0,8.5,6.0
742,731,25,298,2,204.5,98.0,127.0,180.0,10.9,5.0
743,732,25,294,2,118.5,310.0,360.0,210.0,7.1,7.0
744,733,25,309,2,68.0,193.0,255.0,200.0,9.0,5.0
745,708,25,247,2,267.0,250.0,353.0,240.0,5.8,5.0
746,734,25,300,2,465.5,170.0,275.0,200.0,8.8,5.0
747,735,25,308,2,467.0,285.0,413.0,180.0,8.6,6.0
748,736,25,303,3,228.0,445.0,1234.0,160.0,8.4,6.0
749,737,25,301,2,82.0,355.0,519.0,180.0,7.4,7.0
750,738,25,301,2,232.0,355.0,519.0,180.0,5.1,8.0
751,739,25,304,5,365.5,200.0,360.0,150.0,6.5,5.0
752,740,25,301,2,525.5,355.0,519.0,180.0,7.5,8.0
753,741,25,301,2,278.5,355.0,519.0,180.0,7.4,8.0
754,737,25,301,2,82.0,355.0,519.0,180.0,7.4,7.0
755,742,25,301,2,383.0,355.0,519.0,180.0,7.6,7.0
756,743,25,261,2,335.5,420.0,624.0,200.0,6.8,7.0
757,744,25,261,2,388.0,420.0,624.0,200.0,6.7,7.0
758,745,25,301,2,282.5,355.0,519.0,180.0,7.5,8.0
759,746,25,261,2,35.0,420.0,624.0,200.0,6.8,7.0
760,747,26,310,2,464.5,175.0,275.0,190.0,9.5,5.0
761,748,26,311,2,418.0,228.0,350.0,200.0,7.8,7.0
762,749,26,301,2,228.5,355.0,519.0,180.0,7.4,8.0
763,750,26,261,2,80.5,420.0,624.0,200.0,6.9,8.0
764,751,26,312,2,468.0,310.0,583.0,190.0,7.6,5.0
765,752,26,301,2,68.5,355.0,519.0,180.0,7.3,6.0
766,753,26,303,3,471.5,401.0,629.0,175.0,7.5,6.0
767,754,26,303,3,24.5,445.0,1234.0,175.0,7.4,6.0
768,755,26,313,5,404.0,625.0,1000.0,170.0,3.0,5.0
769,756,26,313,5,352.5,625.0,1000.0,170.0,3.5,5.0
770,757,26,261,2,436.0,420.0,624.0,200.0,6.8,8.0
771,758,26,261,2,433.0,420.0,624.0,190.0,6.7,6.0
772,759,26,310,2,268.0,175.0,275.0,190.0,9.6,5.0
773,760,26,294,2,220.5,310.0,366.0,210.0,7.6,6.0
774,761,26,301,2,426.5,355.0,519.0,180.0,7.4,6.0
775,762,26,303,3,136.0,401.0,1234.0,175.0,7.5,6.0
776,763,26,312,2,22.5,310.0,583.0,190.0,7.6,5.0
777,764,26,312,2,471.5,310.0,583.0,190.0,7.5,5.0
778,765,26,312,2,24.0,310.0,583.0,190.0,7.5,5.0
779,766,26,261,2,446.5,420.0,624.0,200.0,6.7,8.0
780,767,26,310,2,319.0,175.0,275.0,190.0,9.5,5.0
781,768,26,314,2,177.0,310.0,366.0,210.0,6.5,7.0
782,769,26,315,2,288.0,355.0,519.0,210.0,7.1,8.0
783,770,26,315,2,189.0,355.0,519.0,210.0,7.3,8.0
784,771,26,316,2,26.0,310.0,569.0,180.0,7.0,5.0
785,772,26,315,2,28.0,355.0,519.0,180.0,6.8,5.0
786,773,26,317,2,35.0,401.0,629.0,170.0,7.5,5.0
787,774,26,317,2,36.0,401.0,629.0,170.0,7.7,5.0
788,775,26,318,2,168.0,200.0,259.0,175.0,8.5,5.0
789,776,26,314,2,22.0,308.0,373.0,180.0,6.9,5.0
790,777,26,319,2,40.0,420.0,624.0,200.0,5.8,5.0
791,778,26,319,2,41.0,420.0,624.0,210.0,6.0,7.0
792,779,26,320,2,364.0,170.0,275.0,200.0,9.3,5.0
793,780,26,314,2,22.5,310.0,366.0,210.0,6.5,7.0
794,781,26,321,5,323.0,830.0,302.5,170.0,3.5,5.0
795,782,26,321,5,323.0,0.5,302.5,170.0,3.0,5.0
796,783,26,319,2,32.5,420.0,624.0,200.0,5.8,5.0
797,784,26,319,2,440.5,420.0,624.0,210.0,6.0,8.0
798,785,26,317,2,37.5,401.0,629.0,170.0,7.5,5.0
799,786,26,314,2,25.0,308.0,373.0,180.0,6.9,5.0
800,787,26,315,2,32.5,355.0,519.0,210.0,7.3,8.0
801,788,26,322,2,368.5,285.0,413.0,180.0,7.5,3.0
802,789,26,317,2,30.0,401.0,629.0,170.0,7.7,3.0
803,790,26,317,2,31.0,401.0,629.0,170.0,7.8,3.0
804,791,26,320,2,15.5,170.0,275.0,200.0,9.4,5.0
805,792,26,314,2,20.0,310.0,366.0,210.0,6.6,7.0
806,793,26,318,2,19.0,200.0,259.0,175.0,8.6,5.0
807,794,26,315,2,37.5,355.0,519.0,210.0,7.4,8.0
808,795,26,319,2,41.0,420.0,624.0,200.0,5.9,5.0
809,796,26,321,5,55.0,830.0,302.5,170.0,3.6,5.0
810,797,26,323,5,404.0,754.0,32.5,170.0,4.5,5.0
811,798,26,321,5,406.0,0.5,302.5,170.0,3.0,5.0
812,799,26,314,2,27.5,308.0,373.0,180.0,6.8,5.0
813,800,26,319,2,45.0,420.0,624.0,210.0,6.0,8.0
814,801,26,317,2,42.5,401.0,629.0,170.0,7.5,5.0
815,802,26,314,2,30.0,310.0,366.0,210.0,6.5,7.0
816,803,26,320,2,17.5,170.0,275.0,200.0,9.3,5.0
817,804,26,315,2,39.0,355.0,519.0,210.0,7.5,8.0
818,805,26,321,5,52.5,830.0,302.5,170.0,3.6,5.0
819,806,13,324,2,8.5,120.0,151.0,180.0,10.3,5.0
820,807,13,324,2,9.0,120.0,151.0,180.0,10.3,5.0
821,808,13,325,2,14.0,175.0,264.0,210.0,7.5,5.0
822,809,27,326,4,27.5,360.0,520.0,250.0,5.2,5.0
823,810,13,327,2,21.0,277.0,421.0,220.0,7.0,7.0
824,811,13,328,2,25.0,291.0,355.0,240.0,7.0,7.0
825,812,13,329,2,9.5,147.0,179.0,190.0,9.2,5.0
826,813,13,325,2,264.0,180.0,264.0,220.0,7.8,5.0
827,814,13,330,4,16.5,139.0,265.0,180.0,10.5,5.0
828,815,13,331,5,25.0,225.0,350.0,190.0,5.2,5.0
829,816,13,325,2,14.0,201.0,264.0,200.0,6.5,5.0
830,817,13,325,2,264.0,175.0,264.0,210.0,7.5,5.0
831,818,13,327,2,27.5,300.0,422.0,270.0,5.0,5.0
832,819,13,332,4,23.5,227.0,352.0,200.0,7.9,7.0
833,820,13,333,2,271.0,290.0,355.0,220.0,8.0,8.0
834,821,13,328,2,25.5,291.0,355.0,240.0,7.0,7.0
835,822,27,334,4,22.0,225.0,360.0,210.0,7.5,5.0
836,823,13,331,5,29.0,320.0,450.0,230.0,5.0,5.0
837,824,13,330,4,16.5,139.0,265.0,180.0,10.5,5.0
838,825,13,325,2,12.5,201.0,264.0,200.0,6.5,5.0
839,826,13,329,2,261.5,146.0,179.0,190.0,9.0,5.0
840,827,27,334,4,21.0,225.0,360.0,210.0,7.0,5.0
841,828,13,335,2,267.5,191.0,246.0,210.0,8.5,7.0
842,829,13,328,2,22.0,291.0,355.0,240.0,7.0,7.0
843,830,13,329,2,11.0,147.0,179.0,190.0,9.5,5.0
844,831,13,329,2,259.0,147.0,179.0,190.0,9.2,5.0
845,832,13,325,2,14.5,180.0,264.0,220.0,7.8,5.0
846,833,13,333,2,269.5,290.0,355.0,220.0,8.0,8.0
847,834,13,331,5,23.0,225.0,350.0,190.0,5.2,5.0
848,835,13,330,4,15.0,139.0,265.0,180.0,10.5,5.0
849,836,13,336,2,275.5,365.0,510.0,270.0,4.7,5.0
850,837,13,337,4,24.0,227.0,352.0,200.0,7.9,7.0
851,838,13,328,2,26.0,291.0,355.0,240.0,7.0,7.0
852,839,27,334,4,23.5,300.0,520.0,235.0,6.0,5.0
853,840,13,331,5,32.5,577.0,740.0,260.0,3.5,5.0
854,841,13,330,4,267.0,139.0,265.0,180.0,10.5,5.0
855,842,13,333,2,23.5,290.0,355.0,220.0,8.0,8.0
856,843,13,325,2,16.0,175.0,264.0,210.0,7.5,5.0
857,844,13,329,2,261.0,147.0,179.0,190.0,9.2,5.0
858,845,13,329,2,261.5,147.0,179.0,190.0,9.5,5.0
859,846,13,324,2,258.5,120.0,151.0,180.0,10.3,5.0
860,847,13,324,2,9.0,120.0,151.0,180.0,10.3,5.0
861,848,13,329,2,260.0,147.0,179.0,190.0,9.5,5.0
862,849,13,329,2,11.5,146.0,179.0,190.0,9.2,5.0
863,850,27,338,4,22.5,300.0,520.0,235.0,6.0,5.0
864,851,13,332,4,23.5,227.0,352.0,200.0,7.9,7.0
865,852,13,328,2,270.5,291.0,355.0,240.0,7.0,7.0
866,853,13,333,2,271.5,290.0,355.0,220.0,8.0,8.0
867,854,13,331,5,30.0,320.0,450.0,230.0,5.0,5.0
868,855,13,325,2,262.5,201.0,264.0,200.0,6.5,5.0
869,856,13,329,2,11.5,147.0,179.0,190.0,9.5,5.0
870,857,13,325,2,15.0,175.0,264.0,210.0,7.5,5.0
871,858,27,339,5,20.0,136.0,260.0,200.0,8.5,5.0
872,859,13,328,2,26.5,291.0,355.0,240.0,7.0,7.0
873,860,13,327,2,25.0,300.0,422.0,270.0,5.0,5.0
874,861,13,333,2,272.5,290.0,355.0,220.0,8.0,8.0
875,862,13,332,4,18.0,139.0,265.0,180.0,10.5,5.0
876,863,13,331,5,31.0,320.0,450.0,230.0,5.0,5.0
877,864,13,332,4,24.5,227.0,352.0,200.0,7.8,7.0
878,865,13,329,2,261.0,147.0,179.0,190.0,9.2,5.0
879,866,28,340,2,1.0,1500.0,1600.0,420.0,2.5,2.0
880,867,28,340,2,101.0,1500.0,1600.0,350.0,2.3,2.0
881,868,28,340,2,167.66666666666666,1600.0,1600.0,490.0,2.4,2.0
882,869,28,340,2,101.0,1500.0,1600.0,420.0,2.4,2.0
883,870,28,340,2,101.0,1500.0,1600.0,420.0,2.5,2.0
884,871,28,340,2,268.3333333333333,1500.0,1600.0,380.0,2.4,2.0
885,872,28,340,2,3.0,1600.0,1600.0,380.0,2.4,2.0
886,873,28,340,2,6.0,1500.0,1600.0,420.0,2.5,2.0
887,874,28,340,2,168.0,1850.0,1600.0,500.0,2.2,2.0
888,508,28,340,2,1.6666666666666667,1600.0,1600.0,420.0,2.4,2.0
889,875,12,341,3,60.0,540.0,2600.0,120.0,15.0,2.0
890,876,12,342,3,80.0,750.0,3500.0,120.0,14.5,2.0
891,877,12,343,3,50.0,460.0,2200.0,110.0,16.0,2.0
892,878,12,341,3,55.0,500.0,2500.0,110.0,16.5,2.0
893,879,12,343,3,62.5,500.0,2400.0,120.0,15.0,2.0
894,880,12,343,3,47.5,400.0,1800.0,110.0,17.0,2.0
895,881,12,343,3,60.0,500.0,2500.0,100.0,18.0,2.0
896,882,12,344,3,42.5,280.0,1200.0,90.0,20.0,2.0
897,883,12,345,3,37.5,180.0,800.0,80.0,22.0,2.0
898,884,29,346,2,35.0,335.0,450.0,260.0,5.1,2.0
899,885,29,347,2,22.5,250.0,365.0,250.0,6.5,5.0
900,886,29,347,2,25.0,250.0,365.0,250.0,6.5,5.0
901,887,29,348,2,42.5,300.0,400.0,250.0,6.0,5.0
902,888,29,347,2,25.0,200.0,430.0,230.0,7.0,5.0
903,889,29,349,5,35.0,400.0,696.0,200.0,4.8,5.0
904,890,29,350,2,30.0,295.0,422.5,230.0,6.300000000000001,5.0
905,891,29,351,2,20.0,160.0,215.0,215.0,9.0,5.0
906,892,29,350,2,32.5,340.0,480.0,250.0,5.4,5.0
907,893,29,347,2,30.0,340.0,450.0,250.0,5.4,5.0
908,894,29,352,2,60.0,575.0,700.0,320.0,3.7,2.0
909,895,29,349,5,42.5,400.0,696.0,200.0,4.5,5.0
910,896,29,352,2,42.5,550.0,700.0,283.0,4.0,5.0
911,897,29,347,2,27.5,340.0,450.0,250.0,5.3,5.0
912,898,29,350,2,32.5,340.0,480.0,250.0,5.4,5.0
913,899,29,348,2,45.0,300.0,400.0,250.0,6.0,5.0
914,900,29,352,2,55.0,550.0,680.0,300.0,3.9,2.0
915,901,29,347,2,25.0,200.0,430.0,230.0,7.0,5.0
916,902,29,349,5,45.0,400.0,696.0,200.0,4.5,5.0
917,903,29,352,2,50.0,550.0,680.0,300.0,3.9,2.0
918,904,29,350,2,35.0,300.0,400.0,250.0,5.1,2.0
919,905,29,347,2,27.5,300.0,400.0,250.0,5.5,5.0
920,906,29,350,2,30.0,250.0,400.0,250.0,6.5,5.0
921,907,29,349,5,42.5,400.0,696.0,200.0,4.5,5.0
922,908,29,347,2,30.0,247.0,365.0,225.0,6.4,5.0
923,909,29,347,2,27.5,246.0,430.0,230.0,6.8,5.0
924,910,29,348,2,40.0,300.0,400.0,250.0,6.0,5.0
925,911,29,352,2,50.0,550.0,680.0,300.0,3.9,2.0
926,912,29,350,2,32.5,340.0,480.0,250.0,5.4,5.0
927,913,29,347,2,25.0,250.0,365.0,240.0,6.2,5.0
928,914,29,348,2,40.0,380.0,460.0,280.0,4.8,2.0
929,915,29,350,2,27.5,300.0,400.0,250.0,5.5,5.0
930,916,29,350,2,30.0,340.0,450.0,250.0,5.4,5.0
931,917,29,352,2,50.0,550.0,680.0,300.0,3.9,2.0
932,918,29,349,5,42.5,400.0,696.0,200.0,4.5,5.0
933,919,29,350,2,32.5,340.0,480.0,250.0,5.4,5.0
934,920,29,352,2,45.0,510.0,625.0,280.0,4.2,5.0
935,921,29,352,2,45.0,450.0,600.0,290.0,4.0,2.0
936,922,29,353,7,37.5,398.0,640.0,220.0,5.1,5.0
937,923,29,347,2,30.0,300.0,400.0,250.0,5.5,2.0
938,924,30,354,4,78.5,600.0,666.0,307.0,2.9,2.0
939,925,30,355,2,31.0,290.0,362.0,250.0,5.7,5.0
940,926,30,355,2,30.0,290.0,362.0,190.0,6.0,7.0
941,927,30,356,2,22.5,272.0,400.0,210.0,6.6,5.0
942,928,30,357,2,15.0,201.0,180.0,200.0,6.6,5.0
943,929,30,355,2,25.0,290.0,362.0,250.0,5.7,5.0
944,930,30,356,2,25.0,272.0,400.0,210.0,6.6,5.0
945,931,30,355,2,27.5,290.0,362.0,190.0,6.0,7.0
946,932,30,356,2,27.5,272.0,400.0,210.0,6.6,5.0
947,933,30,355,2,25.0,290.0,362.0,250.0,5.7,5.0
948,934,30,358,2,17.5,206.0,247.0,210.0,6.0,5.0
949,935,30,359,4,27.5,321.0,335.0,190.0,6.0,7.0
950,936,30,360,4,25.0,247.0,400.0,210.0,6.6,5.0
951,937,30,358,2,15.0,201.0,180.0,200.0,6.6,5.0
952,938,30,361,4,75.0,500.0,600.0,300.0,3.0,2.0
953,939,30,362,2,22.5,272.0,400.0,210.0,6.6,5.0
954,940,30,54,2,25.0,290.0,362.0,250.0,5.7,5.0
955,941,30,358,2,15.0,201.0,180.0,200.0,6.6,5.0
956,942,30,54,2,27.5,290.0,362.0,190.0,6.0,7.0
957,943,30,361,4,78.5,537.0,666.0,307.0,2.9,2.0
958,944,30,54,2,29.0,290.0,362.0,190.0,6.0,7.0
959,945,30,54,2,23.0,290.0,362.0,250.0,5.7,5.0
960,946,30,361,4,78.5,537.0,666.0,307.0,2.9,2.0
961,947,30,363,2,21.0,272.0,400.0,210.0,6.6,5.0
962,948,30,358,2,14.0,201.0,180.0,200.0,6.6,5.0
963,949,30,364,2,27.0,355.0,480.0,250.0,5.1,5.0
964,950,30,359,4,26.0,321.0,335.0,190.0,6.0,7.0
965,951,27,365,2,11.0,82.0,160.0,180.0,10.5,5.0
966,952,27,365,2,12.5,100.0,205.0,190.0,9.0,5.0
967,953,27,366,2,261.5,115.0,150.0,185.0,10.0,5.0
968,954,27,366,2,14.0,130.0,230.0,200.0,8.0,5.0
969,955,27,366,2,16.0,180.0,400.0,210.0,7.5,5.0
970,956,27,367,3,17.5,165.0,400.0,200.0,9.5,7.0
971,957,27,367,2,267.5,180.0,300.0,235.0,8.0,5.0
972,958,27,368,3,261.0,75.0,200.0,160.0,12.0,5.0
973,959,27,369,3,15.0,120.0,300.0,180.0,10.0,3.0
974,960,27,370,3,16.0,140.0,340.0,160.0,11.0,3.0
975,961,27,339,5,17.5,136.0,260.0,150.0,8.1,5.0
976,962,27,339,5,19.0,136.0,260.0,150.0,8.5,5.0
977,963,27,366,2,14.0,208.0,300.0,230.0,6.5,5.0
978,964,27,366,2,17.5,270.0,330.0,250.0,6.0,5.0
979,809,27,371,4,27.5,360.0,520.0,250.0,5.2,5.0
980,965,27,365,2,12.5,130.0,230.0,205.0,9.3,5.0
981,966,27,365,2,13.5,130.0,230.0,200.0,9.7,5.0
982,967,27,372,2,15.0,180.0,250.0,210.0,8.0,5.0
983,968,27,372,2,16.5,180.0,250.0,200.0,8.5,7.0
984,969,27,372,2,17.5,180.0,250.0,225.0,8.0,5.0
985,970,27,366,2,17.5,200.0,280.0,220.0,7.5,5.0
986,971,27,366,2,20.0,225.0,300.0,235.0,6.8,5.0
987,972,27,371,4,22.5,300.0,400.0,235.0,6.0,5.0
988,973,27,371,4,24.0,300.0,400.0,210.0,6.5,7.0
989,974,27,365,2,14.0,130.0,230.0,200.0,9.5,5.0
990,975,27,373,3,12.5,100.0,260.0,170.0,12.0,5.0
991,976,27,374,3,15.0,120.0,320.0,160.0,13.0,3.0
992,977,27,375,3,17.5,130.0,350.0,140.0,14.0,3.0
993,978,27,376,5,20.0,136.0,260.0,130.0,9.0,5.0
994,979,27,376,5,22.5,136.0,260.0,130.0,9.5,5.0
995,980,27,371,4,22.5,225.0,360.0,250.0,5.5,5.0
996,981,27,371,4,27.5,360.0,520.0,250.0,5.0,5.0
997,982,27,371,4,30.0,360.0,520.0,250.0,5.2,5.0
998,983,27,371,4,25.0,300.0,400.0,235.0,6.0,5.0
999,984,27,365,2,11.0,100.0,205.0,190.0,11.2,5.0
1000,985,27,372,2,15.0,130.0,240.0,200.0,10.0,5.0
1001,986,27,372,2,16.5,130.0,240.0,190.0,10.5,7.0
1002,987,27,372,2,16.0,130.0,240.0,200.0,9.8,5.0
1003,988,27,372,2,17.5,130.0,240.0,190.0,10.2,7.0
1004,989,27,366,2,17.5,180.0,250.0,210.0,8.5,5.0
1005,990,27,366,2,19.0,180.0,250.0,200.0,9.0,7.0
1006,991,27,365,2,12.5,130.0,230.0,200.0,9.3,5.0
1007,992,27,366,2,20.0,180.0,250.0,210.0,8.2,7.0
1008,993,27,366,2,17.5,180.0,300.0,220.0,8.4,5.0
1009,994,27,366,2,18.5,180.0,300.0,210.0,8.6,5.0
1010,995,27,365,2,14.0,130.0,230.0,200.0,9.0,5.0
1011,996,27,365,2,10.0,82.0,115.0,180.0,12.0,5.0
1012,997,27,365,2,11.0,100.0,205.0,190.0,11.2,5.0
1013,998,3,377,9,16.25,205.0,300.0,220.0,7.5,5.0
1014,999,3,378,2,18.75,282.5,400.0,220.0,6.5,5.0
1015,1000,3,379,2,10.0,142.5,210.0,200.0,7.0,5.0
1016,1001,3,380,2,12.5,210.0,275.0,220.0,6.5,5.0
1017,3,3,3,2,6.75,77.5,120.0,165.0,10.5,5.0
1018,1002,3,381,2,11.25,144.5,185.0,180.0,9.0,5.0
1019,1003,3,382,9,15.75,190.5,215.0,190.0,7.5,5.0
1020,1004,3,383,2,20.0,292.5,437.5,200.0,6.5,5.0
1021,1005,3,384,2,22.5,350.0,460.0,200.0,6.0,7.0
1022,1006,3,385,2,31.25,387.5,725.0,180.0,6.5,8.0
1023,1007,3,386,2,21.25,292.5,500.0,200.0,7.5,4.0
1024,1008,3,387,2,16.0,215.5,312.5,185.0,7.0,5.0
1025,1009,3,388,6,27.5,370.0,550.0,200.0,5.75,5.0
1026,1010,3,389,6,27.5,430.0,250.33333333333334,180.0,6.75,5.0
1027,1011,3,390,3,30.0,462.5,63.0,180.0,7.5,5.0
1028,1012,3,391,18,13.0,220.5,315.0,180.0,7.25,5.0
1029,1013,3,392,6,17.5,297.5,470.0,180.0,6.5,5.0
1030,1014,3,393,5,26.0,385.0,430.0,180.0,3.5,5.0
1031,1015,3,394,5,32.5,452.0,1051.0,180.0,4.5,5.0
1032,1016,3,395,4,16.5,200.0,210.0,180.0,7.7,5.0
1033,1017,3,396,4,26.25,318.0,500.0,180.0,7.5,7.0
1034,1018,3,397,2,27.5,450.0,530.0,250.0,4.3,4.0
1035,1019,3,398,2,250.0,660.0,746.0,348.0,3.0,2.0
1036,1020,3,399,2,15.0,280.0,420.0,250.0,5.7,5.0
1037,1021,3,400,2,11.5,200.0,290.0,230.0,6.5,5.0
1038,1022,3,401,2,35.0,400.0,583.0,220.0,5.5,4.0
1039,1023,3,402,2,22.5,392.0,583.0,200.0,6.0,5.0
1040,1024,3,398,2,35.0,450.0,691.0,200.0,5.0,5.0
1041,1025,3,403,2,14.0,123.0,200.0,191.0,9.6,5.0
1042,1026,3,404,2,16.0,140.0,225.0,180.0,11.0,5.0
1043,1027,3,405,3,26.0,210.0,500.0,190.0,10.5,7.0
1044,1028,3,406,2,15.5,287.0,345.0,200.0,7.9,7.0
1045,1029,3,407,3,249.0,170.0,405.0,160.0,12.0,2.0
1046,1030,3,408,2,197.0,162.0,200.0,175.0,10.5,2.0
1047,1031,3,409,3,343.0,475.0,212.5,165.0,8.5,2.0
1048,1032,3,409,3,302.0,475.0,212.5,165.0,8.8,2.0
1049,1033,3,410,2,249.5,760.0,847.0,290.0,3.5,2.0
1050,1034,3,411,2,99.5,526.0,582.0,280.0,4.0,2.0
1051,1035,3,412,2,379.5,400.0,678.0,180.0,6.5,5.0
1052,1036,3,412,2,497.0,450.0,678.0,190.0,6.1,5.0
1053,1037,3,364,2,280.5,400.0,563.0,230.0,6.0,7.0
1054,1038,3,412,2,319.5,440.0,691.0,210.0,6.8,7.0
1055,1039,3,407,3,17.5,130.0,385.0,160.0,12.5,2.0
1056,1040,3,413,2,18.0,350.0,569.0,140.0,13.0,2.0
1057,1041,3,407,3,18.5,170.0,405.0,160.0,11.5,2.0
1058,1042,3,414,5,26.0,266.0,430.0,140.0,9.0,2.0
1059,1043,3,415,4,26.5,457.0,825.0,225.0,6.0,7.0
1060,1044,3,416,4,12.5,191.0,210.0,180.0,7.8,5.0
1061,1045,3,417,2,30.0,450.0,570.0,250.0,4.5,4.0
1062,1046,3,418,3,20.0,210.0,500.0,180.0,8.0,5.0
1063,1047,3,416,4,19.0,221.0,210.0,190.0,7.5,5.0
1064,1048,3,419,2,22.5,310.0,542.0,200.0,6.7,5.0
1065,1049,3,420,2,27.5,400.0,563.0,230.0,5.9,7.0
1066,1050,31,421,2,8.5,78.0,100.0,170.0,12.0,5.0
1067,1051,31,421,2,9.0,78.0,100.0,170.0,12.0,5.0
1068,1052,31,422,2,15.75,181.0,245.0,190.0,9.5,7.0
1069,1053,31,423,4,20.5,248.0,300.0,170.0,10.5,5.0
1070,1054,31,424,2,13.25,152.0,250.0,180.0,9.8,5.0
1071,1055,31,425,2,12.25,148.0,197.0,190.0,10.0,5.0
1072,1056,31,426,3,21.25,189.0,441.0,180.0,10.5,7.0
1073,1057,31,427,3,18.75,181.0,430.0,180.0,11.0,7.0
1074,1058,31,427,3,15.0,181.0,430.0,177.0,10.5,5.0
1075,1059,31,428,2,22.5,291.0,407.0,240.0,5.0,5.0
1076,1060,31,429,5,12.25,66.0,196.0,130.0,15.0,4.0
1077,1061,31,430,2,11.25,105.0,141.0,170.0,13.5,7.0
1078,1062,31,431,3,18.75,145.0,360.0,175.0,11.0,7.0
1079,1063,31,432,2,8.75,112.5,140.0,180.0,10.5,5.0
1080,1064,31,433,2,13.75,165.0,217.0,190.0,11.0,7.0
1081,1065,31,422,2,16.75,181.0,245.0,190.0,9.5,7.0
1082,1066,31,422,2,16.25,181.0,245.0,190.0,9.5,7.0
1083,1067,31,422,2,15.25,181.0,245.0,190.0,9.5,7.0
1084,1068,31,424,2,14.5,152.0,250.0,180.0,9.8,5.0
1085,1069,31,425,2,13.5,148.0,197.0,190.0,10.0,5.0
1086,1070,31,427,3,15.5,181.0,430.0,177.0,10.5,5.0
1087,1071,31,426,3,23.75,189.0,441.0,180.0,10.5,7.0
1088,1072,31,427,3,16.25,181.0,430.0,177.0,10.5,5.0
1089,1073,31,421,2,8.0,78.0,100.0,170.0,12.0,5.0
1090,1074,31,434,2,11.25,132.5,175.5,200.0,10.0,5.0
1091,1075,31,427,3,18.75,181.0,430.0,180.0,11.0,7.0
1092,1076,31,421,2,8.0,78.0,100.0,170.0,12.5,5.0
1093,1077,31,425,2,12.0,148.0,197.0,190.0,10.5,5.0
1094,1078,31,435,3,16.25,145.0,360.0,175.0,11.5,7.0
1095,1079,31,436,3,20.0,150.0,370.0,120.0,,2.0
1096,1080,31,437,2,9.25,115.0,154.0,190.0,11.5,5.0
1097,1081,31,426,3,23.75,189.0,441.0,180.0,10.5,7.0
1098,1082,31,430,2,11.25,105.0,141.0,170.0,12.0,7.0
1099,1083,31,438,7,18.75,188.0,199.0,180.0,10.5,5.0
1100,1084,31,422,2,14.5,181.0,245.0,190.0,9.5,7.0
1101,1085,31,427,3,18.75,181.0,430.0,180.0,11.0,7.0
1102,1086,31,427,3,15.5,181.0,430.0,177.0,10.5,5.0
1103,1087,31,425,2,13.25,148.0,197.0,190.0,10.0,5.0
1104,1088,31,421,2,8.0,78.0,100.0,170.0,12.5,5.0
1105,1089,31,422,2,16.25,181.0,245.0,190.0,9.5,7.0
1106,1090,31,439,3,40.0,240.0,686.0,120.0,,2.0
1107,1091,31,440,19,27.5,150.0,370.0,120.0,,2.0
1108,1092,31,441,2,10.75,140.0,170.0,185.0,10.5,5.0
1109,1093,31,442,2,5.5,52.0,60.0,130.0,15.0,4.0
1110,1094,31,425,2,10.75,140.0,170.0,185.0,10.5,7.0
1111,1095,31,425,2,11.25,148.0,197.0,200.0,10.0,5.0
1112,1096,31,426,3,23.75,189.0,441.0,180.0,10.5,5.0
1113,1097,31,443,2,16.25,145.0,206.0,170.0,13.0,7.0
1114,1098,31,442,2,6.75,64.0,94.0,130.0,15.5,4.0
1115,1099,31,444,2,8.25,135.0,181.0,180.0,11.5,7.0
1116,1100,31,445,2,11.25,160.0,214.0,190.0,11.0,5.0
1117,1101,31,442,2,5.5,52.0,60.0,130.0,15.0,4.0
1118,1102,31,442,2,6.75,64.0,94.0,140.0,13.5,4.0
1119,1103,31,446,2,13.75,147.0,210.0,200.0,9.5,4.0
1120,1104,31,425,2,10.0,154.0,200.0,200.0,10.0,5.0
1121,1105,31,95,2,15.75,225.0,343.0,190.0,9.5,5.0
1122,1106,31,441,2,11.25,138.0,173.0,190.0,11.5,5.0
1123,1107,31,447,2,18.75,210.0,270.0,220.0,8.5,5.0
1124,1108,31,442,2,5.5,48.0,60.0,120.0,16.0,4.0
1125,1109,31,429,5,9.5,64.0,196.0,100.0,,2.0
1126,1110,24,448,2,12.0,155.0,213.0,200.0,8.9,5.0
1127,1111,24,449,2,13.0,186.0,252.0,210.0,8.3,5.0
1128,1112,24,450,2,15.5,250.0,420.0,240.0,6.4,5.0
1129,1113,24,448,2,11.5,146.0,197.0,180.0,9.5,5.0
1130,1114,24,449,2,12.75,186.0,252.0,204.0,8.7,5.0
1131,1115,24,449,2,14.5,187.0,252.0,200.0,8.8,5.0
1132,1116,24,450,2,16.25,256.0,434.0,220.0,6.9,5.0
1133,1117,24,451,3,19.5,187.0,450.0,200.0,9.2,7.0
1134,1118,24,450,2,20.75,250.0,420.0,210.0,7.2,7.0
1135,1119,24,452,2,27.5,340.0,500.0,240.0,6.2,7.0
1136,1120,24,448,2,15.0,181.0,205.0,225.0,6.5,2.0
1137,1121,24,448,2,18.25,181.0,205.0,225.0,6.5,2.0
1138,1122,24,453,5,17.5,143.0,271.0,140.0,9.7,5.0
1139,1123,24,448,2,12.5,158.0,202.0,190.0,9.6,5.0
1140,1124,24,454,2,15.25,244.0,350.0,210.0,7.9,5.0
1141,1125,24,447,2,13.5,200.0,270.0,190.0,9.0,5.0
1142,1126,24,455,3,11.25,143.0,330.0,170.0,11.5,5.0
1143,1127,24,456,3,15.5,200.0,470.0,180.0,10.0,5.0
1144,1128,24,457,2,20.0,276.0,314.0,250.0,5.5,4.0
1145,1129,24,458,2,8.75,110.0,145.0,180.0,8.9,4.0
1146,1131,24,96,2,8.0,105.0,145.0,180.0,10.5,5.0
1147,1132,24,459,2,7.0,100.0,135.0,175.0,11.0,5.0
1148,1133,24,92,2,10.5,138.0,180.0,190.0,9.8,7.0
1149,1134,24,460,2,7.75,108.0,142.0,180.0,10.2,5.0
1150,1135,24,461,2,13.75,210.0,280.0,215.0,8.2,5.0
1151,1136,24,462,2,22.5,280.0,300.0,240.0,6.0,4.0
1152,1137,24,449,2,12.5,192.0,252.0,210.0,8.5,5.0
1153,1138,24,463,2,11.25,130.0,165.0,170.0,11.5,5.0
1154,1139,24,92,2,10.0,140.0,180.0,190.0,9.5,5.0
1155,1140,24,447,2,13.75,205.0,270.0,220.0,8.0,5.0
1156,1141,24,464,2,8.75,135.0,170.0,180.0,10.5,5.0
1157,1142,24,96,2,8.0,110.0,145.0,175.0,11.2,5.0
1158,1143,24,465,2,5.25,63.0,90.0,140.0,15.5,4.0
1159,1144,24,466,2,7.5,63.0,85.0,140.0,11.0,2.0
1160,1145,24,465,2,4.5,54.0,80.0,130.0,16.0,4.0
1161,1146,24,459,2,8.0,113.0,140.0,170.0,11.0,5.0
1162,1147,24,467,2,10.5,164.0,215.0,210.0,8.8,4.0
1163,1148,24,447,2,13.75,200.0,265.0,185.0,9.5,7.0
1164,1149,24,468,2,11.25,120.0,200.0,160.0,12.0,5.0
1165,1150,24,447,2,12.5,200.0,265.0,200.0,9.0,5.0
1166,1151,24,467,2,10.0,160.0,210.0,190.0,8.5,5.0
1167,1152,24,465,2,5.0,63.0,85.0,130.0,15.0,4.0
1168,1153,24,469,2,11.25,115.0,155.0,160.0,12.5,5.0
1169,1154,24,470,3,13.75,130.0,300.0,120.0,15.0,2.0
1170,1155,24,94,6,21.25,187.0,250.0,200.0,8.5,5.0
1171,1156,24,471,2,23.75,250.0,400.0,210.0,7.5,7.0
1172,1157,24,459,2,8.25,75.0,105.0,120.0,18.0,2.0
1173,1158,24,92,6,10.0,100.0,140.0,160.0,14.0,3.0
1174,1159,24,94,6,11.0,115.0,160.0,160.0,12.5,7.0
1175,1160,24,472,2,5.5,75.0,110.0,130.0,15.5,5.0
1176,1161,24,469,2,8.25,125.0,170.0,185.0,9.0,5.0
1177,1162,24,467,2,13.75,170.0,230.0,215.0,8.5,5.0
1178,1163,24,447,2,16.25,200.0,260.0,220.0,7.5,5.0
1179,1164,24,472,2,6.75,70.0,110.0,155.0,13.0,5.0
1180,1165,24,473,2,5.5,60.0,90.0,130.0,16.0,4.0
1181,1166,24,459,2,6.75,85.0,120.0,145.0,14.0,5.0
1182,1167,24,474,2,11.25,130.0,220.0,185.0,8.5,4.0
1183,1168,24,475,2,13.75,135.0,210.0,190.0,8.0,4.0
1184,1169,24,474,2,18.75,280.0,290.0,250.0,5.5,2.0
1185,1170,24,476,2,16.25,110.0,150.0,170.0,10.0,2.0
1186,1171,24,477,2,13.25,135.0,170.0,200.0,9.0,5.0
1187,1172,24,478,2,8.25,116.0,140.0,180.0,9.5,2.0
1188,1173,24,469,2,10.5,135.0,170.0,200.0,8.5,5.0
1189,1174,24,474,2,15.0,165.0,230.0,230.0,7.5,2.0
1190,1175,24,92,2,10.0,115.0,160.0,180.0,12.0,4.0
1191,1176,24,96,2,8.0,100.0,130.0,170.0,12.5,5.0
1192,1177,24,467,2,16.25,160.0,220.0,210.0,8.0,4.0
1193,1178,24,92,2,12.0,150.0,200.0,185.0,10.0,7.0
1194,1179,24,479,4,21.25,200.0,260.0,180.0,9.5,5.0
1195,1180,24,480,2,4.5,26.0,45.0,85.0,35.0,4.0
1196,1181,24,92,2,9.5,110.0,160.0,170.0,12.5,2.0
1197,1182,24,481,2,8.25,85.0,130.0,145.0,12.0,5.0
1198,1183,24,482,2,5.5,64.0,95.0,120.0,15.5,4.0
1199,1184,24,483,2,7.25,92.0,130.0,160.0,13.5,5.0
1200,1185,24,469,2,11.0,140.0,160.0,190.0,8.5,5.0
1201,1186,24,484,2,7.5,105.0,135.0,170.0,10.0,5.0
1202,1187,24,483,2,6.75,95.0,130.0,130.0,14.0,2.0
1203,1188,24,484,2,10.0,130.0,140.0,190.0,8.5,4.0
1204,1189,24,485,2,16.25,143.0,160.0,200.0,7.5,2.0
1205,1190,24,479,4,21.25,200.0,260.0,180.0,9.5,5.0
1206,1191,24,477,2,8.25,120.0,150.0,130.0,15.0,2.0
1207,1192,24,486,2,10.0,130.0,160.0,150.0,14.5,2.0
1208,1193,24,486,2,13.75,135.0,180.0,175.0,12.0,4.0
1209,1194,24,467,2,16.25,200.0,250.0,220.0,8.0,5.0
1210,1195,24,487,2,2.0,700.0,500.0,320.0,3.5,1.0
1211,1196,10,488,21,170.25,240.0,239.0,180.0,7.6,5.0
1212,1197,10,489,4,25.0,326.0,630.0,180.0,6.8,7.0
1213,1198,10,490,22,99.75,182.5,200.0,190.0,8.6,5.0
1214,1199,10,491,4,16.5,169.0,197.5,180.0,9.2,5.0
1215,1200,10,492,23,18.0,260.5,310.5,200.0,7.05,5.0
